{
    "ambientocclusion": false,
    "textures": {
        "texture": "block/chorus_plant",
        "inside": "block/chorus_plant",
        "particle": "block/blank"
    },
    "elements": [
        {
            "from": [
                4,
                4,
                4
            ],
            "to": [
                12,
                12,
                12
            ],
            "faces": {
                "north": {
                    "texture": "#inside"
                }
            }
        },
        {
            "from": [
                4,
                4,
                3
            ],
            "to": [
                12,
                12,
                4
            ],
            "faces": {
                "down": {
                    "texture": "#texture"
                },
                "up": {
                    "texture": "#texture"
                },
                "north": {
                    "texture": "#texture"
                },
                "west": {
                    "texture": "#texture"
                },
                "east": {
                    "texture": "#texture"
                }
            }
        }
    ]
}