{
    "ambientocclusion": false,
    "textures": {
        "particle": "block/blank"
    },
    "elements": [
        {
            "from": [
                0,
                0,
                0
            ],
            "to": [
                3,
                16,
                16
            ],
            "faces": {
                "up": {
                    "uv": [
                        0,
                        0,
                        16,
                        3
                    ],
                    "texture": "#top",
                    "cullface": "up",
                    "rotation": 90
                },
                "north": {
                    "uv": [
                        3,
                        0,
                        0,
                        16
                    ],
                    "texture": "#top",
                    "cullface": "north"
                },
                "south": {
                    "uv": [
                        3,
                        0,
                        0,
                        16
                    ],
                    "texture": "#top",
                    "cullface": "south"
                },
                "west": {
                    "uv": [
                        0,
                        0,
                        16,
                        16
                    ],
                    "texture": "#top",
                    "cullface": "west"
                },
                "east": {
                    "uv": [
                        16,
                        0,
                        0,
                        16
                    ],
                    "texture": "#top"
                }
            }
        }
    ]
}