{
    "ambientocclusion": false,
    "textures": {
        "particle": "block/blank",
        "glow_lichen": "block/glow_lichen"
    },
    "elements": [
        {
            "from": [
                0,
                0,
                0.1
            ],
            "to": [
                16,
                16,
                0.1
            ],
            "faces": {
                "north": {
                    "uv": [
                        16,
                        0,
                        0,
                        16
                    ],
                    "texture": "#glow_lichen"
                },
                "south": {
                    "uv": [
                        0,
                        0,
                        16,
                        16
                    ],
                    "texture": "#glow_lichen"
                }
            }
        }
    ]
}