{
    "textures": {
        "particle": "block/blank"
    },
    "elements": [
        {
            "from": [
                0,
                0,
                0
            ],
            "to": [
                16,
                8,
                16
            ],
            "faces": {
                "down": {
                    "uv": [
                        0,
                        0,
                        16,
                        16
                    ],
                    "texture": "#bottom",
                    "cullface": "down"
                },
                "up": {
                    "uv": [
                        0,
                        0,
                        16,
                        16
                    ],
                    "texture": "#top"
                },
                "north": {
                    "uv": [
                        0,
                        8,
                        16,
                        16
                    ],
                    "texture": "#side",
                    "cullface": "north"
                },
                "south": {
                    "uv": [
                        0,
                        8,
                        16,
                        16
                    ],
                    "texture": "#side",
                    "cullface": "south"
                },
                "west": {
                    "uv": [
                        0,
                        8,
                        16,
                        16
                    ],
                    "texture": "#side",
                    "cullface": "west"
                },
                "east": {
                    "uv": [
                        0,
                        8,
                        16,
                        16
                    ],
                    "texture": "#side",
                    "cullface": "east"
                }
            }
        },
        {
            "from": [
                8,
                8,
                0
            ],
            "to": [
                16,
                16,
                16
            ],
            "faces": {
                "up": {
                    "uv": [
                        8,
                        0,
                        16,
                        16
                    ],
                    "texture": "#top",
                    "cullface": "up"
                },
                "north": {
                    "uv": [
                        0,
                        0,
                        8,
                        8
                    ],
                    "texture": "#side",
                    "cullface": "north"
                },
                "south": {
                    "uv": [
                        8,
                        0,
                        16,
                        8
                    ],
                    "texture": "#side",
                    "cullface": "south"
                },
                "west": {
                    "uv": [
                        0,
                        0,
                        16,
                        8
                    ],
                    "texture": "#side"
                },
                "east": {
                    "uv": [
                        0,
                        0,
                        16,
                        8
                    ],
                    "texture": "#side",
                    "cullface": "east"
                }
            }
        },
        {
            "from": [
                0,
                8,
                8
            ],
            "to": [
                8,
                16,
                16
            ],
            "faces": {
                "up": {
                    "uv": [
                        0,
                        8,
                        8,
                        16
                    ],
                    "texture": "#top",
                    "cullface": "up"
                },
                "north": {
                    "uv": [
                        8,
                        0,
                        16,
                        8
                    ],
                    "texture": "#side"
                },
                "south": {
                    "uv": [
                        0,
                        0,
                        8,
                        8
                    ],
                    "texture": "#side",
                    "cullface": "south"
                },
                "west": {
                    "uv": [
                        8,
                        0,
                        16,
                        8
                    ],
                    "texture": "#side",
                    "cullface": "west"
                }
            }
        }
    ]
}