{
    "parent": "block/cube",
    "display": {
        "firstperson_righthand": {
            "rotation": [
                0,
                135,
                0
            ],
            "translation": [
                0,
                0,
                0
            ],
            "scale": [
                0.4,
                0.4,
                0.4
            ]
        }
    },
    "textures": {
        "particle": "block/blank",
        "down": "#bottom",
        "up": "#top",
        "north": "#front",
        "east": "#side",
        "south": "#side",
        "west": "#side"
    }
}